nbVille,tInit,tFin,alpha,amplitude,MaxRepetitions,Cout
30,2127,0.019944311524489555,0.9129943300337137,3,1831,52.771213
30,1146,0.01792663769632354,0.8915673470857431,6,2356,52.771213
